{"os": "Android 13", "boja": [{"nazivboje": "bez"}, {"nazivboje": "crna"}, {"nazivboje": "zelena"}], "ekran": 6.1, "model": "Galaxy S22", "kamera": 50, "pohrana": [{"pohrana": 128}, {"pohrana": 256}], "baterija": 3700, "procesor": "Exynos 2200", "brojkamera": 3, "proizvodac": "Samsung", "maxsvjetlina": 1300, "pocetnacijena": 679, "radnamemorija": [{"radnamemorija": 8}], "vodootpornost": "IP68", "brzinapunjenja": 25, "stopaosvjezavanja": 120}
{"os": "Android 13", "boja": [{"nazivboje": "bijela"}, {"nazivboje": "crna"}, {"nazivboje": "zelena"}], "ekran": 6.4, "model": "Galaxy S21 FE", "kamera": 12, "pohrana": [{"pohrana": 128}, {"pohrana": 256}], "baterija": 4500, "procesor": "Snapdragon 888 5G", "brojkamera": 3, "proizvodac": "Samsung", "maxsvjetlina": 1200, "pocetnacijena": 430, "radnamemorija": [{"radnamemorija": 6}, {"radnamemorija": 8}], "vodootpornost": "IP68", "brzinapunjenja": 25, "stopaosvjezavanja": 120}
{"os": "Android 13", "boja": [{"nazivboje": "bijela"}, {"nazivboje": "crna"}], "ekran": 6.5, "model": "Galaxy A52s", "kamera": 64, "pohrana": [{"pohrana": 128}, {"pohrana": 256}], "baterija": 4500, "procesor": "Snapdragon 778G 5G", "brojkamera": 4, "proizvodac": "Samsung", "maxsvjetlina": 800, "pocetnacijena": 230, "radnamemorija": [{"radnamemorija": 4}, {"radnamemorija": 6}, {"radnamemorija": 8}], "vodootpornost": "IP67", "brzinapunjenja": 25, "stopaosvjezavanja": 120}
{"os": "Android 13", "boja": [{"nazivboje": "bijela"}, {"nazivboje": "crna"}, {"nazivboje": "plava"}], "ekran": 6.6, "model": "Galaxy A13", "kamera": 50, "pohrana": [{"pohrana": 32}, {"pohrana": 64}, {"pohrana": 128}], "baterija": 5000, "procesor": "Exynos 850", "brojkamera": 4, "proizvodac": "Samsung", "maxsvjetlina": 500, "pocetnacijena": 150, "radnamemorija": [{"radnamemorija": 3}, {"radnamemorija": 4}, {"radnamemorija": 6}], "vodootpornost": "nema", "brzinapunjenja": 15, "stopaosvjezavanja": 60}
{"os": "Android 13", "boja": [{"nazivboje": "crna"}, {"nazivboje": "plava"}, {"nazivboje": "zelena"}], "ekran": 6.7, "model": "Redmi Note 12", "kamera": 48, "pohrana": [{"pohrana": 128}, {"pohrana": 256}], "baterija": 5000, "procesor": "Snapdragon 4 Gen 1", "brojkamera": 3, "proizvodac": "Xiaomi", "maxsvjetlina": 1200, "pocetnacijena": 157, "radnamemorija": [{"radnamemorija": 4}, {"radnamemorija": 6}, {"radnamemorija": 8}], "vodootpornost": "IP53", "brzinapunjenja": 33, "stopaosvjezavanja": 120}
{"os": "Android 14", "boja": [{"nazivboje": "bijela"}, {"nazivboje": "crna"}, {"nazivboje": "crvena"}, {"nazivboje": "plava"}], "ekran": 6.1, "model": "Pixel 7a", "kamera": 64, "pohrana": [{"pohrana": 128}], "baterija": 4385, "procesor": "Google Tensor G2", "brojkamera": 2, "proizvodac": "Google", "maxsvjetlina": 1000, "pocetnacijena": 383, "radnamemorija": [{"radnamemorija": 8}], "vodootpornost": "IP67", "brzinapunjenja": 18, "stopaosvjezavanja": 90}
{"os": "Android 14", "boja": [{"nazivboje": "crna"}, {"nazivboje": "roza"}], "ekran": 6.2, "model": "Pixel 8", "kamera": 50, "pohrana": [{"pohrana": 128}, {"pohrana": 256}], "baterija": 4575, "procesor": "Google Tensor G3", "brojkamera": 2, "proizvodac": "Google", "maxsvjetlina": 2000, "pocetnacijena": 587, "radnamemorija": [{"radnamemorija": 8}], "vodootpornost": "IP68", "brzinapunjenja": 27, "stopaosvjezavanja": 120}
{"os": "Android 14", "boja": [{"nazivboje": "bijela"}, {"nazivboje": "crna"}, {"nazivboje": "crvena"}, {"nazivboje": "plava"}, {"nazivboje": "zelena"}], "ekran": 6.4, "model": "13", "kamera": 50, "pohrana": [{"pohrana": 128}, {"pohrana": 256}, {"pohrana": 512}], "baterija": 4500, "procesor": "Snapdragon 8 Gen 2", "brojkamera": 3, "proizvodac": "Xiaomi", "maxsvjetlina": 1900, "pocetnacijena": 725, "radnamemorija": [{"radnamemorija": 8}, {"radnamemorija": 12}], "vodootpornost": "IP68", "brzinapunjenja": 67, "stopaosvjezavanja": 120}
{"os": "Android 14", "boja": [{"nazivboje": "bijela"}, {"nazivboje": "crna"}], "ekran": 6.7, "model": "Pixel 6 Pro", "kamera": 50, "pohrana": [{"pohrana": 128}, {"pohrana": 256}, {"pohrana": 512}], "baterija": 5003, "procesor": "Google Tensor", "brojkamera": 3, "proizvodac": "Google", "maxsvjetlina": 1000, "pocetnacijena": 550, "radnamemorija": [{"radnamemorija": 12}], "vodootpornost": "IP68", "brzinapunjenja": 23, "stopaosvjezavanja": 120}
{"os": "Android 14", "boja": [{"nazivboje": "bez"}, {"nazivboje": "crna"}, {"nazivboje": "plava"}, {"nazivboje": "zelena"}], "ekran": 6.8, "model": "Galaxy S23 Ultra", "kamera": 200, "pohrana": [{"pohrana": 256}, {"pohrana": 512}, {"pohrana": 1028}], "baterija": 5000, "procesor": "Snapdragon 8 Gen 2", "brojkamera": 4, "proizvodac": "Samsung", "maxsvjetlina": 1750, "pocetnacijena": 1165, "radnamemorija": [{"radnamemorija": 8}, {"radnamemorija": 12}], "vodootpornost": "IP68", "brzinapunjenja": 45, "stopaosvjezavanja": 120}
{"os": "iOS 17", "boja": [{"nazivboje": "bijela"}, {"nazivboje": "crna"}, {"nazivboje": "crvena"}, {"nazivboje": "plava"}, {"nazivboje": "roza"}, {"nazivboje": "zelena"}], "ekran": 6.1, "model": "iPhone 13", "kamera": 12, "pohrana": [{"pohrana": 128}, {"pohrana": 256}, {"pohrana": 512}], "baterija": 3240, "procesor": "A15 Bionic", "brojkamera": 2, "proizvodac": "Apple", "maxsvjetlina": 1200, "pocetnacijena": 580, "radnamemorija": [{"radnamemorija": 4}], "vodootpornost": "IP68", "brzinapunjenja": 15, "stopaosvjezavanja": 60}
{"os": "iOS 17", "boja": [{"nazivboje": "crna"}], "ekran": 6.1, "model": "iPhone 14 Pro", "kamera": 48, "pohrana": [{"pohrana": 128}, {"pohrana": 256}, {"pohrana": 512}, {"pohrana": 1028}], "baterija": 3200, "procesor": "A16 Bionic", "brojkamera": 3, "proizvodac": "Apple", "maxsvjetlina": 2000, "pocetnacijena": 950, "radnamemorija": [{"radnamemorija": 6}], "vodootpornost": "IP68", "brzinapunjenja": 15, "stopaosvjezavanja": 120}
{"os": "iOS 17", "boja": [{"nazivboje": "bijela"}, {"nazivboje": "crna"}, {"nazivboje": "plava"}], "ekran": 6.7, "model": "iPhone 15 Pro Max", "kamera": 48, "pohrana": [{"pohrana": 256}, {"pohrana": 512}, {"pohrana": 1028}], "baterija": 4441, "procesor": "A17 Pro", "brojkamera": 3, "proizvodac": "Apple", "maxsvjetlina": 2000, "pocetnacijena": 1450, "radnamemorija": [{"radnamemorija": 8}], "vodootpornost": "IP68", "brzinapunjenja": 15, "stopaosvjezavanja": 120}
